姓名,2015,2016,2017,2018
马云家族,1250.0,650.0,700.0,2700 亿
许家印,1900.0,1720.0,-400.0,2500 亿
马化腾,1200.0,750.0,-100.0,2400 亿
杨惠妍,1095.0,1015.0,-100.0,1500 亿
王健林家族,-800.0,-750.0,-150.0,1400 亿
何享健、何剑锋父子,700.0,520.0,150.0,1300 亿
王卫,,,-300.0,1200 亿
严昊家族,290.0,200.0,50.0,1200 亿
李彦宏、马东敏夫妇,300.0,170.0,-100.0,1150 亿
雷军,180.0,450.0,420.0,1100 亿
王文银家族,,,,1100 亿
姚振华,875.0,-150.0,50.0,1000 亿
黄峥,,,,950 亿
张近东,140.0,170.0,20.0,950 亿
张志东,555.0,390.0,-50.0,950 亿
丁磊,390.0,-100.0,-200.0,900 亿
李书福家族,,,,900 亿
宗庆后家族,-450.0,-220.0,-100.0,900 亿
许荣茂家族,500.0,350.0,305.0,850 亿
孙飘扬、钟慧娟夫妇,595.0,380.0,235.0,825 亿
卢志强家族,-30.0,-50.0,-60.0,800 亿
陈建华、范红卫夫妇,490.0,500.0,325.0,790 亿
严彬,130.0,0.0,30.0,780 亿
刘强东,305.0,295.0,50.0,750 亿
林立,525.0,470.0,320.0,670 亿
许世辉家族,535.0,200.0,90.0,650 亿
张士平家族,165.0,40.0,-5.0,650 亿
张一鸣,,,360.0,650 亿
刘永行家族,210.0,160.0,60.0,630 亿
王玉锁、赵宝菊夫妇,320.0,250.0,80.0,620 亿
龚虹嘉、陈春梅夫妇,270.0,230.0,-60.0,590 亿
王清涛,490.0,375.0,15.0,590 亿
吴亚军家族,315.0,255.0,15.0,585 亿
张勇、舒萍夫妇,,509.0,500.0,550 亿
郭广昌,20.0,75.0,-105.0,520 亿
庞康,255.0,265.0,195.0,520 亿
陈丽华,10.0,0.0,0.0,505 亿
陈东升家族,435.0,240.0,50.0,500 亿
马建荣家族,280.0,245.0,185.0,500 亿
沈国军家族,,310.0,,490 亿
王文学,10.0,5.0,-85.0,490 亿
阎志,340.0,170.0,90.0,475 亿
孙广信,10.0,120.0,40.0,460 亿
孙宏斌,360.0,365.0,-260.0,460 亿
谢炳、郑翔玲夫妇,295.0,295.0,265.0,455 亿
方威,90.0,150.0,-35.0,450 亿
鲁伟鼎家族,,,,450 亿
汪滔,230.0,210.0,90.0,450 亿
周建平家族,-30.0,75.0,30.0,430 亿
潘政民、吴春媛夫妇,220.0,55.0,-120.0,420 亿
周鸿t,320.0,240.0,220.0,420 亿
马兴田家族,100.0,80.0,5.0,410 亿
曾毓群,,,,400 亿
蒋仁生家族,250.0,230.0,160.0,400 亿
李水荣,210.0,175.0,160.0,400 亿
史玉柱、史静父女,,,,400 亿
周群飞、郑俊龙夫妇,-105.0,-65.0,-320.0,395 亿
江南春,240.0,40.0,90.0,390 亿
王兴,330.0,230.0,125.0,390 亿
朱保国家族,240.0,270.0,200.0,390 亿
车建兴,85.0,,,385 亿
刘永好家族,-70.0,-45.0,-45.0,380 亿
张劲,280.0,150.0,80.0,380 亿
徐镜人,195.0,90.0,30.0,380 亿
陈邦,195.0,175.0,185.0,365 亿
纪海鹏家族,245.0,230.0,70.0,365 亿
张茵家族,,55.0,-85.0,365 亿
林斌,,,,360 亿
张邦鑫,295.0,230.0,-40.0,360 亿
秦英林、钱瑛夫妇,150.0,170.0,100.0,355 亿
蔡奎家族,175.0,130.0,10.0,350 亿
李华家族,210.0,160.0,100.0,350 亿
刘益谦家族,,5.0,-80.0,350 亿
童锦泉,265.0,250.0,200.0,350 亿
胡凯军,245.0,225.0,190.0,350 亿
聂腾云、陈立英夫妇,,195.0,-30.0,340 亿
张宏伟,170.0,190.0,145.0,340 亿
张峻、陶美萦夫妇,,,,340 亿
林秀成、林志强父子,-10.0,90.0,-15.0,330 亿
欧宗荣,125.0,110.0,60.0,330 亿
于泳,0.0,105.0,-20.0,330 亿
陈红天家族,,,,320 亿
陈天桥、雒芊芊夫妇,130.0,90.0,50.0,320 亿
冯海良,85.0,105.0,100.0,320 亿
傅军,90.0,120.0,55.0,320 亿
吕向阳、张长虹夫妇,-25.0,-40.0,-10.0,320 亿
徐航,256.0,250.0,190.0,320 亿
赵涛家族,,,,320 亿
季昌群,,,40.0,300 亿
李河君,-330.0,-100.0,-100.0,300 亿
李金元,-80.0,-100.0,-105.0,300 亿
孙喜双,40.0,-5.0,20.0,300 亿
魏建军、韩雪娟夫妇,-90.0,-95.0,-90.0,300 亿
朱鼎健家族,,,,300 亿
宋作文家族,135.0,15.0,0.0,295 亿
熊续强,50.0,45.0,-55.0,295 亿
姚良松,,,5.0,295 亿
詹克团,,,,295 亿
陈发树,15.0,55.0,-25.0,290 亿
缪寿良,80.0,60.0,25.0,290 亿
王传福,-85.0,-65.0,-10.0,290 亿
杨剑,,,90.0,290 亿
朱孟依家族,-10.0,10.0,-30.0,290 亿
陈金霞,90.0,100.0,20.0,290 亿
张刚家族,,,25.0,285 亿
黄炽恒,,10.0,0.0,140 亿
孙寿宽家族,90.0,100.0,45.0,280 亿
赖梅松,225.0,215.0,80.0,275 亿
李文斌家族,160.0,135.0,125.0,275 亿
黄其森家族,,95.0,-5.0,270 亿
解直锟家族,120.0,90.0,,270 亿
梁稳根,-110.0,-50.0,15.0,270 亿
刘汉元、管亚梅夫妇,105.0,85.0,-10.0,270 亿
曹龙祥家族,110.0,,20.0,270 亿
崔根良、崔巍父子,110.0,95.0,35.0,260 亿
杜厦家族,75.0,55.0,20.0,260 亿
黄如论家族,,,,260 亿
邱光和家族,-15.0,0.0,80.0,260 亿
沈南鹏,135.0,110.0,80.0,260 亿
施永宏、李海燕夫妇,,,,260 亿
罗立国家族,,,,255 亿
王文京,-10.0,70.0,70.0,250 亿
肖建华家族,,,,250 亿
叶澄海、廖清清夫妇,10.0,25.0,-5.0,250 亿
李宗松、谷晓嘉夫妇,,100.0,30.0,245 亿
黄凯,,,,240 亿
李兆廷,180.0,70.0,-40.0,240 亿
潘石屹、张欣夫妇,45.0,20.0,-10.0,240 亿
王文彪,5.0,50.0,-5.0,240 亿
喻会蛟、张小娟夫妇,80.0,100.0,-75.0,240 亿
黄伟、李萍夫妇,-135.0,-55.0,-50.0,235 亿
姜照柏,-5.0,-35.0,-30.0,235 亿
梁庆德,45.0,0.0,-5.0,230 亿
王振华、王晓松父子,188.0,163.0,100.0,230 亿
张力、张量父子,110.0,65.0,15.0,230 亿
陈华,125.0,85.0,55.0,225 亿
沈文荣,5.0,15.0,-25.0,225 亿
朱林瑶,80.0,70.0,5.0,225 亿
何巧女、唐凯夫妇,-10.0,25.0,-45.0,220 亿
黄楚龙,120.0,95.0,50.0,220 亿
黄光裕家族,0.0,10.0,-20.0,220 亿
黄文仔,85.0,70.0,20.0,220 亿
李丐腾家族,,0.0,-25.0,220 亿
魏少军家族,-60.0,0.0,10.0,220 亿
周晓光、虞云新夫妇,-40.0,-80.0,-110.0,220 亿
丁世忠,103.0,99.0,50.0,215 亿
钭正刚、尉雪凤夫妇,,25.0,20.0,215 亿
耿建明、杨小青夫妇,-60.0,-30.0,-50.0,215 亿
李仲初家族,-65.0,45.0,60.0,215 亿
周泽荣,75.0,60.0,15.0,215 亿
柯尊洪家族,0.0,-10.0,-20.0,210 亿
吴光明、吴群父子,60.0,75.0,-15.0,210 亿
李革、赵宁夫妇,,,85.0,210 亿
池宇峰,,-60.0,-40.0,205 亿
丁世家,97.0,90.0,45.0,205 亿
梁信军,15.0,30.0,-35.0,205 亿
王来春,85.0,95.0,20.0,205 亿
王来胜,85.0,95.0,20.0,205 亿
王长田、杜英莲夫妇,-30.0,25.0,50.0,205 亿
赵伟国,,25.0,40.0,205 亿
闫希军家族,110.0,45.0,-5.0,205 亿
李义海、李鑫父子,,,10.0,205 亿
卜扬,75.0,95.0,30.0,200 亿
傅利泉、陈爱玲夫妇,-15.0,-10.0,-140.0,200 亿
黄茂如、张静夫妇,30.0,-25.0,-30.0,200 亿
林宏修家族,,,,200 亿
其实家族,-90.0,-35.0,25.0,200 亿
张磊,30.0,-20.0,30.0,200 亿
李锂、李坦夫妇,20.0,15.0,-20.0,200 亿
修涞贵、李艳华夫妇,65.0,25.0,10.0,200 亿
马秀慧家族,,,,195 亿
蒲忠杰、张月娥夫妇,50.0,75.0,60.0,195 亿
张中能、郭梅兰夫妇,45.0,80.0,40.0,195 亿
程雪,90.0,97.0,70.0,190 亿
蒋卫平家族,,,-85.0,190 亿
缪汉根,50.0,45.0,5.0,190 亿
吴旭家族,130.0,-10.0,10.0,190 亿
吴志刚家族,,45.0,65.0,190 亿
徐宇,,,,190 亿
朱共山家族,,-70.0,-10.0,190 亿
顾江生家族,,,20.0,185 亿
黄柏年,,,,185 亿
李西廷,,,,185 亿
林中家族,,,15.0,185 亿
张志祥,0.0,30.0,20.0,185 亿
郑跃文,-295.0,-75.0,-25.0,185 亿
陈志列、王蓉夫妇,,97.0,5.0,180 亿
程维,115.0,50.0,15.0,180 亿
黄朝阳,90.0,55.0,5.0,180 亿
黄世霖,,,,180 亿
李辙,40.0,20.0,-15.0,180 亿
尚吉永,136.0,110.0,30.0,180 亿
沈天晴,,,125.0,180 亿
肖永明家族,,-85.0,-30.0,180 亿
陈爱莲、吴良定夫妇,,,-90.0,175 亿
季琦,125.0,123.0,30.0,175 亿
张帆,,,-30.0,175 亿
梁允超家族,25.0,55.0,40.0,170 亿
任正非,90.0,45.0,40.0,170 亿
王麒诚、吴艳夫妇,25.0,-75.0,-95.0,170 亿
易如波,78.0,70.0,10.0,170 亿
左晖,,60.0,0.0,170 亿
董伟,,,65.0,170 亿
杜江涛、郝虹夫妇,-140.0,-50.0,-100.0,165 亿
黄敏利、许慧卿夫妇,60.0,15.0,-15.0,165 亿
贾天将、东菊凤夫妇,,110.0,5.0,165 亿
李贤义、董系治夫妇,70.0,35.0,15.0,165 亿
潘伟明,10.0,-15.0,-20.0,165 亿
吴忌寒,,,,165 亿
林刚,65.0,50.0,5.0,165 亿
曾芳勤,,,,160 亿
杜伟民,,,87.0,160 亿
高天国,-10.0,0.0,-110.0,160 亿
葛卫东,20.0,40.0,10.0,160 亿
黄巧灵家族,15.0,20.0,25.0,160 亿
李留法、李凤娈夫妇,90.0,100.0,75.0,160 亿
林定强、林凤英夫妇,,40.0,20.0,160 亿
刘忠田,40.0,5.0,-20.0,160 亿
陆地,,,30.0,160 亿
茅理翔家族,95.0,35.0,30.0,160 亿
许连捷,-10.0,5.0,10.0,160 亿
俞敏洪,90.0,35.0,0.0,160 亿
钟玉,68.0,50.0,-10.0,160 亿
安康家族,-15.0,-50.0,15.0,155 亿
黄世再家族,20.0,5.0,5.0,155 亿
蒋业华、蒋宇父子,62.0,45.0,20.0,155 亿
施文博,-20.0,-5.0,10.0,155 亿
孙珩超,110.0,95.0,40.0,155 亿
钟声坚,55.0,35.0,-15.0,155 亿
林明樟,,40.0,5.0,150 亿
刘炽平,,,30.0,150 亿
南存辉,25.0,30.0,30.0,150 亿
宿华,,,,150 亿
张秀根、张宏亮父子,45.0,45.0,30.0,150 亿
赵长鹏,,,,150 亿
吴羽岚,99.0,92.0,55.0,150 亿
姜滨、胡双美夫妇,-110.0,-60.0,-160.0,145 亿
李思廉,,,,145 亿
刘志强、翟美卿夫妇,5.0,-10.0,-10.0,145 亿
陆昂,,,15.0,145 亿
谭炳照家族,,30.0,15.0,145 亿
薛向东家族,-65.0,-15.0,-15.0,145 亿
曹德旺,40.0,30.0,0.0,140 亿
陈鸿道,-20.0,-40.0,-20.0,140 亿
陈凯旋,70.0,20.0,10.0,140 亿
苏素玉家族,,20.0,-30.0,140 亿
汪立平家族,50.0,81.0,45.0,140 亿
谢嘉,,,25.0,140 亿
徐冠巨,5.0,-85.0,-60.0,140 亿
张大中,20.0,15.0,25.0,140 亿
朱兴良家族,-40.0,-5.0,-10.0,140 亿
陈峰,,,-15.0,135 亿
高云峰,40.0,53.0,15.0,135 亿
黄壮勉,0.0,30.0,15.0,135 亿
罗韶宇、赵洁红夫妇,-115.0,-45.0,-40.0,135 亿
苏志刚,80.0,60.0,15.0,135 亿
王华君、吴兰兰夫妇,,,-50.0,135 亿
王勇、王棣父子,,,15.0,135 亿
徐乘家族,,,,135 亿
虞松波,20.0,15.0,10.0,135 亿
朱志平,15.0,25.0,15.0,135 亿
钱东奇家族,,,,135 亿
陈卓林、陆倩芳夫妇,,,10.0,130 亿
高德康、梅冬夫妇,45.0,45.0,30.0,130 亿
龚俊龙,,,-45.0,130 亿
孔健岷,48.0,46.0,40.0,130 亿
赖海民,72.0,15.0,-60.0,130 亿
刘冬生、张宁夫妇,,,,130 亿
罗玉平,-70.0,5.0,0.0,130 亿
米恩华,45.0,25.0,15.0,130 亿
孙纪木家族,,,,130 亿
王希成家族,40.0,-90.0,-25.0,130 亿
文一波、张辉明夫妇,-40.0,-10.0,-25.0,130 亿
杨铿,-15.0,-5.0,-15.0,130 亿
虞锋,30.0,-40.0,20.0,130 亿
李斌,,,58.0,125 亿
李非列家族,,15.0,15.0,125 亿
史正富、翟立夫妇,45.0,35.0,25.0,125 亿
孙清焕,-30.0,-10.0,-10.0,125 亿
涂建华,-30.0,-30.0,-35.0,125 亿
吴尚志,54.0,25.0,10.0,125 亿
杨贰珠,,,0.0,125 亿
俞熔,,58.0,49.0,125 亿
张轩松,10.0,45.0,-5.0,125 亿
周永利,,20.0,15.0,125 亿
岑钊雄、李一萍夫妇,81.0,70.0,39.0,120 亿
陈大年,56.0,40.0,30.0,120 亿
李洪信,48.0,53.0,10.0,120 亿
林亿,-90.0,-110.0,-220.0,120 亿
刘学景家族,25.0,15.0,0.0,120 亿
裴振华、容建芬夫妇,,,,120 亿
彭国远,,,,120 亿
荣智健,20.0,25.0,20.0,120 亿
谭思亮,,,,120 亿
唐岩、张思川夫妇,,,-20.0,120 亿
万隆,65.0,45.0,20.0,120 亿
王树生,25.0,20.0,10.0,120 亿
吴凯庭家族,81.0,,,120 亿
徐观宝,10.0,-65.0,-45.0,120 亿
薛光林,-45.0,-35.0,-30.0,120 亿
叶成,56.0,53.0,53.0,120 亿
昝圣达,-60.0,-45.0,-25.0,120 亿
朱文臣,15.0,40.0,35.0,120 亿
刘革新,40.0,55.0,55.0,120 亿
曾令山,,30.0,5.0,115 亿
贺正刚,-55.0,5.0,0.0,115 亿
黄毅,,70.0,-10.0,115 亿
林腾蛟,,70.0,,115 亿
林印孙,40.0,-5.0,-40.0,115 亿
刘玉华、赵燕夫妇,,-95.0,-35.0,115 亿
吕慧、陈宁宁母女,30.0,40.0,15.0,115 亿
任建华,35.0,-5.0,-50.0,115 亿
王苗通、王一峰父子,62.0,55.0,10.0,115 亿
魏奇、魏潇父女,5.0,5.0,0.0,115 亿
吴冠江,71.0,59.0,59.0,115 亿
肖文慧,48.0,48.0,-10.0,115 亿
谢伟通,,,,115 亿
杨建新、樊梅花夫妇,45.0,25.0,-16.0,115 亿
姚奎章,,,,115 亿
袁富根家族,5.0,23.0,-15.0,115 亿
张万镇,35.0,38.0,15.0,115 亿
周剑,,,25.0,115 亿
雷菊芳,-5.0,10.0,-5.0,115 亿
姜伟家族,-100.0,-105.0,-55.0,110 亿
陈荣家族,-50.0,-10.0,-10.0,110 亿
傅光明家族,0.0,-40.0,10.0,110 亿
胡扬忠,,68.0,15.0,110 亿
黄红云、陶虹遐夫妇,-10.0,14.0,0.0,110 亿
李新炎、倪银英夫妇,46.0,49.0,15.0,110 亿
刘绍喜家族,-80.0,-25.0,-10.0,110 亿
阮水龙家族,-30.0,-10.0,-20.0,110 亿
史贵禄家族,54.0,35.0,10.0,110 亿
王瀚,,-10.0,0.0,110 亿
王均金家族,-160.0,-5.0,5.0,110 亿
王俊,,,55.0,110 亿
王燕清、倪亚兰夫妇,46.0,30.0,-35.0,110 亿
温鹏程家族,60.0,-30.0,10.0,110 亿
严健军,20.0,20.0,0.0,110 亿
张宝全、王秋扬夫妇,45.0,30.0,10.0,110 亿
张道才家族,35.0,40.0,-15.0,110 亿
郑永刚,35.0,20.0,-10.0,110 亿
周耀庭家族,-30.0,-70.0,20.0,110 亿
周镇科,,-2.0,0.0,110 亿
黄联禧、左笑萍夫妇,-15.0,0.0,-10.0,105 亿
焦震,43.0,38.0,10.0,105 亿
柯希平,25.0,19.0,5.0,105 亿
黎旭晖,,,,105 亿
齐向东,58.0,40.0,30.0,105 亿
郁国祥,25.0,55.0,35.0,105 亿
张静章家族,25.0,37.0,-45.0,105 亿
张耀垣,63.0,,0.0,105 亿
杨文龙家族,15.0,20.0,59.0,105 亿
徐曙光,,,,105 亿
吴以岭家族,-15.0,-10.0,-40.0,100 亿
蔡东青家族,-150.0,-125.0,-40.0,100 亿
蔡荣军,35.0,23.0,-15.0,100 亿
陈建铭,35.0,25.0,0.0,100 亿
陈清州、翁丽敏夫妇,7.0,-15.0,-50.0,100 亿
陈一丹,,30.0,20.0,100 亿
崔志祥,20.0,20.0,15.0,100 亿
段永平,,93.0,20.0,100 亿
何建梁,,12.0,0.0,100 亿
何小鹏,,,,100 亿
黄达文,,,,100 亿
黄俊康家族,15.0,18.0,0.0,100 亿
姜雪飞、朱雪花夫妇,,,15.0,100 亿
梁光伟,-15.0,-5.0,-5.0,100 亿
梁建坤、梁杰父子,,,50.0,100 亿
梁亮胜,30.0,25.0,0.0,100 亿
牛宜顺、牛腾父子,,,-15.0,100 亿
欧宗洪家族,,,,100 亿
綦建虹,20.0,-30.0,-60.0,100 亿
邵钦祥家族,40.0,25.0,20.0,100 亿
沈汉标、王妙玉夫妇,0.0,19.0,27.0,100 亿
苏萌,20.0,15.0,5.0,100 亿
涂辉龙,44.0,30.0,14.0,100 亿
汪建,,,-35.0,100 亿
王靖,-380.0,-130.0,-110.0,100 亿
徐明星,,,,100 亿
徐新,35.0,20.0,10.0,100 亿
许健康家族,,50.0,15.0,100 亿
叶国富,,48.0,20.0,100 亿
叶立培家族,0.0,5.0,0.0,100 亿
尹明善家族,,,-25.0,100 亿
应建仁、徐美儿夫妇,,,-40.0,100 亿
虞仁荣,,,40.0,100 亿
张胜飞,,,0.0,100 亿
张涛,,40.0,10.0,100 亿
张小龙,,,,100 亿
张永平,,,0.0,100 亿
张章笋,-20.0,10.0,15.0,100 亿
钟乃雄,,-5.0,13.0,100 亿
蔡红兵,,,38.0,100 亿
曾宝宝,31.0,15.0,18.0,95 亿
陈士良,38.0,49.0,40.0,95 亿
陈夏鑫家族,10.0,-10.0,-30.0,95 亿
楚金甫,0.0,-25.0,-15.0,95 亿
董凡,,-45.0,37.0,95 亿
洪锋,,,,95 亿
黄江吉,,,,95 亿
黄曦家族,-20.0,-25.0,-20.0,95 亿
黎万强,,,,95 亿
李力,53.0,45.0,50.0,95 亿
李良彬,,32.0,-35.0,95 亿
梁丰、邵晓梅夫妇,,,,95 亿
林建华、张虹夫妇,-45.0,-65.0,-5.0,95 亿
刘学斌,35.0,37.0,38.0,95 亿
陆正耀,,20.0,5.0,95 亿
区学铭,,,1.0,95 亿
宋卫平、夏一波夫妇,40.0,25.0,10.0,95 亿
汪群斌,7.0,17.0,-15.0,95 亿
文剑平,-35.0,-35.0,-50.0,95 亿
徐朋明,40.0,20.0,5.0,95 亿
张荣华家族,25.0,35.0,10.0,95 亿
张跃、赖玉静夫妇,5.0,-5.0,5.0,95 亿
赵小强,15.0,5.0,15.0,95 亿
郑建明,-35.0,-20.0,-5.0,95 亿
周庆治、赵亦斓夫妇,0.0,-10.0,-5.0,95 亿
胡柏藩,30.0,10.0,20.0,95 亿
刘伟,23.0,25.0,-2.0,93 亿
周国辉,-197.0,-37.0,-7.0,93 亿
黄绍武,-8.0,-38.0,-23.0,92 亿
田明,-58.0,-6.0,12.0,92 亿
刘殿波,10.0,42.0,32.0,92 亿
黄康境,,24.0,24.0,91 亿
苏汝波,,,0.0,91 亿
曾继疆家族,,,,90 亿
陈妙林,15.0,10.0,5.0,90 亿
戴永革家族,-55.0,-5.0,0.0,90 亿
丁佐宏,,,45.0,90 亿
胡克勤,,,,90 亿
景百孚,-10.0,-60.0,-25.0,90 亿
李家权家族,,,-10.0,90 亿
李军,35.0,0.0,-15.0,90 亿
李卫国,0.0,5.0,-35.0,90 亿
倪祖根家族,-85.0,-40.0,-75.0,90 亿
徐旭东、徐若桐父女,,,-45.0,90 亿
俞发祥,42.0,23.0,20.0,90 亿
张桂平、张康黎父子,-115.0,-100.0,-30.0,90 亿
张双旺家族,,,10.0,90 亿
周成建家族,-175.0,-30.0,-20.0,90 亿
王俊民、申萍夫妇,,,,90 亿
周宗文家族,,,-2.0,88 亿
马瑞敏、马艺芯母女,,,,85 亿
蔡宏柱,34.0,18.0,5.0,85 亿
蔡文胜,,,-100.0,85 亿
陈德军,5.0,-5.0,-45.0,85 亿
陈国祥,38.0,30.0,25.0,85 亿
陈锦石家族,-5.0,-40.0,-15.0,85 亿
崔维星,,15.0,0.0,85 亿
党彦宝,,,0.0,85 亿
侯昌财,0.0,0.0,0.0,85 亿
黄关林,,,37.0,85 亿
李平,25.0,25.0,25.0,85 亿
李如成,-60.0,-50.0,-35.0,85 亿
林龙安、郭英兰夫妇,,25.0,-25.0,85 亿
潘来灿,42.0,43.0,32.0,85 亿
邵根伙,-35.0,-75.0,-40.0,85 亿
盛百椒,5.0,10.0,0.0,85 亿
宋文广,,18.0,0.0,85 亿
汪建国,35.0,30.0,15.0,85 亿
汪俊林,20.0,11.0,11.0,85 亿
汪林朋,,,,85 亿
王子华,41.0,18.0,0.0,85 亿
邬建树,-40.0,-60.0,-60.0,85 亿
吴少勋,18.0,10.0,0.0,85 亿
吴向东,34.0,22.0,5.0,85 亿
张波,,35.0,5.0,85 亿
张克强,29.0,26.0,16.0,85 亿
周晓萍家族,34.0,15.0,10.0,85 亿
庄奎龙家族,,,-15.0,85 亿
岑均达,,,35.0,85 亿
娄竞、邢丽莉夫妇,,,,85 亿
黄小芬,,,12.0,83 亿
李振国、李喜燕夫妇,27.0,16.0,-7.0,83 亿
梁社增、梁家荣父子,,25.0,26.0,83 亿
卓军,,,,83 亿
夏佐全,2.0,7.0,2.0,82 亿
刘宝林,-64.0,-39.0,-19.0,81 亿
何朝曦,,,,81 亿
李国强,,,6.0,81 亿
张亿贵,,,6.0,81 亿
车冯升,-55.0,15.0,-25.0,80 亿
方同华家族,-75.0,-50.0,-20.0,80 亿
Dan Friis,,,,80 亿
陈湖文,22.0,30.0,33.0,80 亿
陈润光、陈健明父子,35.0,5.0,0.0,80 亿
陈小英,,-5.0,-40.0,80 亿
陈雪华,,,10.0,80 亿
戴皓,20.0,5.0,-5.0,80 亿
耿殿根,-45.0,-20.0,10.0,80 亿
何旗,,,,80 亿
黄向墨,16.0,18.0,13.0,80 亿
李晓林,25.0,10.0,5.0,80 亿
刘振东,0.0,-5.0,-10.0,80 亿
马成喜,,20.0,0.0,80 亿
穆荣均,,,,80 亿
彭建虎、彭俊珩父子,,5.0,-15.0,80 亿
彭建华家族,,,,80 亿
沈小平家族,-20.0,-30.0,-10.0,80 亿
孙孟全家族,5.0,8.0,10.0,80 亿
汪超涌家族,,,,80 亿
王东海、王雅倩父女,,13.0,-5.0,80 亿
王建沂,22.0,25.0,13.0,80 亿
许达来,,,,80 亿
杨绍鹏,29.0,13.0,-15.0,80 亿
应书岭,40.0,2.0,0.0,80 亿
张志勇、张敏夫妇,,20.0,25.0,80 亿
朱敏、徐郁清夫妇,16.0,13.0,5.0,80 亿
苗拥军,,,30.0,80 亿
叶小平,35.0,37.0,,80 亿
马鸿、黄晓旋夫妇,-81.0,-51.0,-61.0,79 亿
薛华,14.0,16.0,6.0,79 亿
周奕丰,-61.0,-21.0,-26.0,79 亿
陈湖雄,24.0,29.0,32.0,78 亿
张松桥,28.0,21.0,11.0,78 亿
冯小华,-13.0,-9.0,2.0,77 亿
李缜家族,-38.0,-63.0,-48.0,77 亿
刘沧龙,-28.0,-23.0,-8.0,77 亿
俞金坤、戈建鸣父子,,,,76 亿
程先锋,,-5.0,-50.0,75 亿
包松安,,,0.0,75 亿
薄世久、李桂屏夫妇,,-105.0,-30.0,75 亿
仇建平、王玲玲夫妇,-30.0,-25.0,-35.0,75 亿
傅梅城,-80.0,-50.0,-30.0,75 亿
江南,10.0,0.0,4.0,75 亿
靳保芳,0.0,3.0,10.0,75 亿
刘福海,10.0,0.0,5.0,75 亿
邱建林,,,27.0,75 亿
邱祥娟,,,28.0,75 亿
邱奕博,,,27.0,75 亿
茹伯兴、茹正伟父子,20.0,20.0,0.0,75 亿
王步峰,-5.0,3.0,0.0,75 亿
王均豪,-15.0,-10.0,0.0,75 亿
吴绪顺家族,-45.0,-40.0,-60.0,75 亿
夏鼎湖,-18.0,-25.0,-15.0,75 亿
许晨晔,,,,75 亿
杨爱华家族,29.0,7.0,5.0,75 亿
姚劲波,22.0,8.0,7.0,75 亿
余海军,25.0,17.0,5.0,75 亿
张轩宁,5.0,25.0,0.0,75 亿
周金辉,,,5.0,75 亿
周云杰,-55.0,-55.0,5.0,75 亿
左宗申、袁德秀夫妇,,,-5.0,75 亿
陆克平家族,-15.0,-5.0,-5.0,75 亿
彭浩,30.0,29.0,-12.0,74 亿
张思民、王劲松夫妇,23.0,-7.0,-12.0,73 亿
蔡小如,15.0,-11.0,-9.0,73 亿
严玉德,,,,73 亿
易峥,-62.0,-67.0,-32.0,73 亿
陈学利,,18.0,-3.0,72 亿
刘冀鲁、刘凌云父女,,,5.0,72 亿
吕永祥家族,-3.0,5.0,2.0,72 亿
朱兴明,8.0,17.0,3.0,72 亿
黄立家族,-99.0,-44.0,-11.0,71 亿
韩旭、张仁华夫妇,-15.0,-12.0,-15.0,70 亿
蒋锡培、蒋承志父子,,,,70 亿
陈建成、陈嫣妮父女,-45.0,-25.0,-10.0,70 亿
邓鸿,20.0,15.0,10.0,70 亿
刁志中,13.0,,25.0,70 亿
顾伟,-35.0,-13.0,-16.0,70 亿
郭梓文,,,,70 亿
韩国龙家族,-5.0,-5.0,-30.0,70 亿
韩真发,,,3.0,70 亿
何著胜家族,-25.0,-15.0,-5.0,70 亿
江黎明,22.0,17.0,3.0,70 亿
李林,,,,70 亿
李喜朋、舒蒲娟夫妇,17.0,9.0,0.0,70 亿
李笑来,,,,70 亿
林荣滨、程璇夫妇,,,,70 亿
刘江,,,,70 亿
楼忠福家族,-90.0,-15.0,-5.0,70 亿
卢生举,,-35.0,-15.0,70 亿
陆兆禧,10.0,-25.0,,70 亿
罗运刚,,,17.0,70 亿
潘刚,25.0,20.0,10.0,70 亿
彭蕾,10.0,-25.0,-330.0,70 亿
戚金兴、戚加奇父子,-70.0,-35.0,-25.0,70 亿
裘国根、骆奕夫妇,-5.0,-5.0,0.0,70 亿
沈波,,,,70 亿
石克荣,,,10.0,70 亿
寿柏年,27.0,18.0,5.0,70 亿
唐宁,,10.0,5.0,70 亿
王刚,,,3.0,70 亿
王佳、严立夫妇,-35.0,-15.0,-10.0,70 亿
王文城家族,5.0,5.0,5.0,70 亿
王正华、王煜父子,-60.0,-35.0,0.0,70 亿
项光明、王素勤夫妇,-12.0,12.0,15.0,70 亿
谢菊华、唐咏群母子,,,,70 亿
熊武,,,,70 亿
徐子泉、康宁夫妇,-50.0,-55.0,-32.0,70 亿
许树根,23.0,27.0,10.0,70 亿
严俊波,,,0.0,70 亿
杨廷栋,20.0,19.0,-5.0,70 亿
杨钊家族,15.0,13.0,3.0,70 亿
姚其,,,,70 亿
张开元家族,-4.0,10.0,-25.0,70 亿
张利钿家族,5.0,5.0,5.0,70 亿
张玉祥、朱雪莲夫妇,,18.0,0.0,70 亿
赵曰岭家族,16.0,8.0,3.0,70 亿
陈保华,10.0,0.0,15.0,70 亿
谢子龙、陈秀兰夫妇,13.0,20.0,25.0,70 亿
毕国祥,,2.0,14.0,69 亿
杜越新,,,9.0,69 亿
方洪波,,24.0,7.0,69 亿
高仕军,,,2.0,69 亿
江淦钧,22.0,-1.0,-26.0,69 亿
黎经华,,,4.0,69 亿
李保平家族,11.0,12.0,4.0,69 亿
刘金成、骆锦红夫妇,16.0,-15.0,-36.0,69 亿
欧亚平,,,2.0,69 亿
孙永根,19.0,14.0,9.0,69 亿
王金书,,17.0,13.0,69 亿
夏曙东,4.0,2.0,9.0,69 亿
徐少春,,,,69 亿
徐勇,,,2.0,69 亿
许庆奎、许英强父子,21.0,9.0,4.0,69 亿
杨美容,,,-21.0,69 亿
张兴海、颜敏夫妇,,-41.0,-2.0,69 亿
邹浩,,,,69 亿
曾万辉、喻丽丽夫妇,,-24.0,16.0,66 亿
高毅,21.0,,,66 亿
曹克坚,-70.0,-13.0,-30.0,65 亿
陈江涛,0.0,-25.0,-10.0,65 亿
陈隆基、王华玉夫妇,1.0,5.0,0.0,65 亿
陈义红家族,-5.0,-5.0,0.0,65 亿
陈卓南,,,5.0,65 亿
陈卓喜,,,5.0,65 亿
陈卓贤,,,5.0,65 亿
陈卓雄,,,5.0,65 亿
何东翰,,,15.0,65 亿
何思模,1.0,-18.0,-45.0,65 亿
洪天祝,,15.0,,65 亿
姜银台家族,,,,65 亿
李光宇、李花父女,,,10.0,65 亿
李国庆、俞渝夫妇,,,,65 亿
李平平,,,,65 亿
李胥兵,,,,65 亿
李玉国家族,,20.0,-5.0,65 亿
梁勤家族,17.0,10.0,17.0,65 亿
刘水,-20.0,-13.0,-23.0,65 亿
刘亚超,,,5.0,65 亿
刘振国,-30.0,-30.0,-30.0,65 亿
吕培榕,10.0,5.0,0.0,65 亿
莫浩棠家族,20.0,16.0,6.0,65 亿
邵恒,,,10.0,65 亿
施天佑,5.0,-2.0,-15.0,65 亿
苏增福家族,18.0,12.0,5.0,65 亿
万连步家族,-50.0,-15.0,-10.0,65 亿
王春生、吕莉夫妇,12.0,-25.0,-85.0,65 亿
王军,,,13.0,65 亿
王铭祥、周一峰夫妇,,-20.0,-25.0,65 亿
王水福,12.0,-2.0,-20.0,65 亿
王忠军,,,,65 亿
徐万茂家族,,5.0,-2.0,65 亿
俞其兵,11.0,10.0,-3.0,65 亿
张雨柏,20.0,14.0,0.0,65 亿
张毓强,13.0,23.0,9.0,65 亿
张志铭,,,0.0,65 亿
周富裕、唐建芳夫妇,,,-30.0,65 亿
胡季强,-20.0,-2.0,-2.0,65 亿
李振江家族,10.0,15.0,15.0,65 亿
艾路明,,3.0,-4.0,63 亿
秦庆平家族,,,-22.0,63 亿
张佛恩,3.0,-4.0,0.0,63 亿
黄若虹、施佳菲夫妇,,,,62 亿
谢可滔,,,,62 亿
杨志茂、朱凤廉夫妇,-53.0,-53.0,-38.0,62 亿
于果,,,,62 亿
艾立华家族,-17.0,-9.0,-14.0,61 亿
刘远炳,14.0,14.0,14.0,61 亿
袁志敏、熊海涛夫妇,-29.0,-2.0,-6.0,61 亿
包凡,,,-7.0,60 亿
曾焕沙、陈思红夫妇,,,,60 亿
陈少杰,,,,60 亿
陈先保家族,7.0,0.0,5.0,60 亿
冬瑞芹、付嵩洋母子,,,5.0,60 亿
杜双华,-130.0,15.0,7.0,60 亿
冯焕培、范朝霞夫妇,-75.0,-30.0,-2.0,60 亿
高星家族,-1.0,0.0,-7.0,60 亿
高雪峰,11.0,15.0,0.0,60 亿
胡晓军、徐为夫妇,,,,60 亿
黄宏生、林卫平夫妇,-5.0,-20.0,-7.0,60 亿
黄仕坤,,,,60 亿
蒋建琪家族,,,,60 亿
金惠明家族,15.0,5.0,-5.0,60 亿
兰华升,-28.0,-20.0,-14.0,60 亿
李东军,12.0,10.0,5.0,60 亿
李福成家族,-6.0,-7.0,-7.0,60 亿
李赶坡,20.0,,5.0,60 亿
李学凌,17.0,,5.0,60 亿
梁衍峰,,,15.0,60 亿
刘满世家族,0.0,-2.0,-10.0,60 亿
孟庆山、王爱军父女,,,-15.0,60 亿
密春磊,12.0,12.0,-10.0,60 亿
莫林弟、莫思铭父子,,,-7.0,60 亿
王木清,7.0,7.0,-45.0,60 亿
文炳荣,-4.0,-14.0,3.0,60 亿
吴波家族,14.0,10.0,0.0,60 亿
熊贤忠,-4.0,5.0,0.0,60 亿
许刚,,,-15.0,60 亿
杨雪岗、路小梅夫妇,-10.0,-10.0,0.0,60 亿
易贤忠、关玉婵夫妇,,,,60 亿
张文中,,5.0,5.0,60 亿
张学政,,,,60 亿
赵凯,20.0,10.0,0.0,60 亿
甄荣辉,,,,60 亿
郑元豹,8.0,12.0,0.0,60 亿
邹锡昌,2.0,2.0,2.0,60 亿
洪浩,,,10.0,60 亿
丁雅丽,,,13.0,58 亿
何亚民家族,-22.0,-27.0,-27.0,58 亿
黄炳文家族,-52.0,-26.0,-20.0,58 亿
柯建生,13.0,-4.0,-23.0,58 亿
罗飞,,,,58 亿
徐进,8.0,,8.0,58 亿
帅放文、曹再云夫妇,-153.0,-88.0,-78.0,57 亿
陈礼明,,,9.0,57 亿
陈奇星,-38.0,-43.0,-83.0,57 亿
单建明、鲍凤娇夫妇,,,12.0,57 亿
欧亚非,,,-19.0,57 亿
王伟耀,9.0,12.0,2.0,57 亿
王文默,,,,57 亿
吴明福家族,,,,57 亿
陈劲松、佟捷夫妇,-69.0,-19.0,-24.0,56 亿
邓颖忠家族,,11.0,4.0,56 亿
林志雄,,,,56 亿
蔡高校,15.0,12.0,-12.0,55 亿
陈明俊,,,,55 亿
郭东林,-5.0,-35.0,-2.0,55 亿
韩涛,-55.0,-20.0,-45.0,55 亿
何伯权,5.0,11.0,10.0,55 亿
胡东,,,,55 亿
黄光苗,-1.0,-3.0,1.0,55 亿
黄有龙、赵薇夫妇,15.0,-12.0,-15.0,55 亿
黄泽兰、赖香英夫妇,,,-25.0,55 亿
李立新,11.0,7.0,2.0,55 亿
李琼,,-30.0,-25.0,55 亿
李晓明家族,,,-5.0,55 亿
林奇,-40.0,-40.0,-40.0,55 亿
史英文,,-5.0,-6.0,55 亿
唐越,,,,55 亿
王海鹏,-50.0,-50.0,-10.0,55 亿
王林祥,12.0,-1.0,-12.0,55 亿
王忆会,,-5.0,-12.0,55 亿
温纯青,5.0,4.0,4.0,55 亿
夏志生家族,10.0,,3.0,55 亿
许景南家族,,,5.0,55 亿
杨寿海,10.0,0.0,-15.0,55 亿
杨树坪,,,,55 亿
杨卓舒家族,-10.0,0.0,0.0,55 亿
易大盛,12.0,5.0,0.0,55 亿
尹兴满家族,-25.0,-12.0,-5.0,55 亿
张朝阳,5.0,5.0,-12.0,55 亿
张利群,,,-15.0,55 亿
张世民,-9.0,7.0,0.0,55 亿
郑坚江、何意菊夫妇,-55.0,-45.0,-30.0,55 亿
周亚辉,,-30.0,-25.0,55 亿
朱全祖、俞金花夫妇,,,,55 亿
徐明波,-1.0,0.0,10.0,55 亿
黄建,4.0,11.0,-1.0,54 亿
赖建平,,,,54 亿
梁志斌,,,7.0,54 亿
林志军,,,,54 亿
韦锦坤、韦利东父子,,,,54 亿
肖奋,-56.0,-41.0,-34.0,54 亿
刘悉承,-30.0,3.0,-28.0,53 亿
陈雁升、陈冬琼夫妇,-12.0,-44.0,-17.0,53 亿
刘国本,-47.0,-17.0,-12.0,53 亿
吕中楼,5.0,-11.0,-2.0,53 亿
任书良,,,,53 亿
叶德林,6.0,6.0,3.0,53 亿
张德生,-78.0,-33.0,-8.0,52 亿
阮鸿献,,,,52 亿
郭英成家族,-8.0,-8.0,-20.0,52 亿
黄金祥、赵启荣夫妇,-1.0,7.0,,52 亿
王佶,,,,52 亿
魏宣,2.0,2.0,0.0,52 亿
许英灼,10.0,,5.0,52 亿
尤小平家族,-28.0,-1.0,-15.0,52 亿
张果喜,7.0,2.0,2.0,52 亿
高建荣、冯飞飞夫妇,-11.0,-16.0,5.0,51 亿
李跃享家族,,,,51 亿
刘若鹏,,-24.0,-84.0,51 亿
孙伟杰,-59.0,3.0,,51 亿
孙荫环家族,6.0,-10.0,-4.0,51 亿
杨荣义,-7.0,0.0,0.0,51 亿
叶华能,-13.0,-9.0,-2.0,51 亿
陈丽芬,-12.0,-5.0,-5.0,50 亿
曹曙,6.0,5.0,0.0,50 亿
陈宝珍,-35.0,-65.0,-6.0,50 亿
戴志康家族,,,,50 亿
董经贵、钱经红夫妇,,,,50 亿
董勒成,5.0,2.0,5.0,50 亿
傅明康家族,,,-40.0,50 亿
高红明、郝风仙夫妇,,,,50 亿
高怀雪家族,-2.0,,0.0,50 亿
郭东泽,,,-20.0,50 亿
郭金树,4.0,5.0,0.0,50 亿
郭向东,,,,50 亿
郭信平,,,5.0,50 亿
何志平、张文莉夫妇,0.0,5.0,-5.0,50 亿
贺光启、陈素英夫妇,,,,50 亿
华勇,-10.0,-65.0,-17.0,50 亿
李朝旺,5.0,0.0,0.0,50 亿
李建国、蒋鹂北夫妇,,,,50 亿
李明、李伟伟父子,,,,50 亿
李宁,4.0,5.0,3.0,50 亿
廖道训家族,-14.0,5.0,,50 亿
刘建国、黄文欢夫妇,,,5.0,50 亿
刘雷,,0.0,-17.0,50 亿
刘庆峰,8.0,,-10.0,50 亿
刘双广,,-10.0,-4.0,50 亿
刘双珉,-14.0,-17.0,-8.0,50 亿
刘载望、富海霞夫妇,-40.0,-20.0,-20.0,50 亿
鲁楚平、彭惠夫妇,-80.0,-45.0,-19.0,50 亿
陆永华、毛彩虹夫妇,-45.0,-45.0,-25.0,50 亿
马仁和,,,,50 亿
马永升、锁芳夫妇,-4.0,-3.0,0.0,50 亿
彭星,0.0,-35.0,-5.0,50 亿
祁秀萍,,,,50 亿
乔玉华,-3.0,-8.0,0.0,50 亿
沈华源,-15.0,,,50 亿
汤晓鸥,,,,50 亿
汪东颖,,,,50 亿
王雪欣,,-40.0,-35.0,50 亿
王义平家族,-32.0,-7.0,-5.0,50 亿
王志华家族,,,5.0,50 亿
文开福,9.0,6.0,-10.0,50 亿
吴建荣,8.0,5.0,0.0,50 亿
吴雄,,,,50 亿
熊晓鸽,7.0,0.0,5.0,50 亿
徐步云、陈江月夫妇,9.0,7.0,5.0,50 亿
徐小平,,,5.0,50 亿
徐雄,,-50.0,-28.0,50 亿
阎焱,4.0,-5.0,5.0,50 亿
姚宏,,0.0,0.0,50 亿
叶远西,-40.0,-9.0,-33.0,50 亿
易元保,,,5.0,50 亿
俞培d家族,-75.0,-35.0,-15.0,50 亿
袁凯飞,0.0,0.0,0.0,50 亿
袁志伦,,,0.0,50 亿
张文荣家族,-1.0,0.0,0.0,50 亿
张旭豪,,,,50 亿
张志熔家族,-35.0,-38.0,-25.0,50 亿
赵肇丰,,,,50 亿
郑伟鹤、黄荔夫妇,-4.0,-2.0,-3.0,50 亿
周良璋家族,,,-45.0,50 亿
周儒欣,-14.0,-15.0,-3.0,50 亿
周忻,,,,50 亿
庄辰超,,,0.0,50 亿
张观福,-25.0,-2.0,5.0,50 亿
周明华,7.0,0.0,,50 亿
胡赓熙、陈燕霓夫妇,,,,50 亿
欧雷强,,,,50 亿
黎俊东、李咏仪夫妇,10.0,,0.0,49 亿
郑耀楠,,6.0,,49 亿
李文美、王继华夫妇,,,,49 亿
柯云峰、梁小玲夫妇,,,,49 亿
李振国,,-47.0,-27.0,48 亿
刘树林,,,-12.0,48 亿
Ivan Xu,,,,48 亿
蔡明通、蔡劲军父子,-16.0,-19.0,-2.0,48 亿
范劲松,,,,48 亿
李永庆,,,,48 亿
宋飞家族,,,,48 亿
孙伟挺、陈玲芬夫妇,-10.0,-4.0,-4.0,48 亿
王剑峰,-27.0,-19.0,-12.0,48 亿
王振滔、王晨父子,-62.0,-22.0,-19.0,48 亿
徐步升家族,3.0,5.0,3.0,48 亿
薛济萍,-5.0,-22.0,-12.0,48 亿
朱志刚,,-8.0,-12.0,48 亿
周志文、冯宇霞夫妇,6.0,,,48 亿
柯金龙、王春婵夫妇,,,,48 亿
柯康保家族,,,,48 亿
贺学初,-17.0,,-2.0,47 亿
胡成中,-17.0,-12.0,-20.0,47 亿
冷天辉,-5.0,0.0,-3.0,47 亿
李伟,3.0,3.0,0.0,47 亿
李兴,0.0,2.0,-3.0,47 亿
林聪颖,-28.0,-10.0,-3.0,47 亿
沈培金,,,,47 亿
王明旺、蔡帝娥夫妇,-17.0,-11.0,-14.0,47 亿
王永华,,0.0,0.0,47 亿
许月娟,,,,47 亿
张三货,2.0,0.0,0.0,47 亿
周贤海、王小丽夫妇,,,,47 亿
宋礼华,,-8.0,,47 亿
曹世如、曹曾俊母子,-24.0,-4.0,-4.0,46 亿
方隽云、方骥柠父女,,,1.0,46 亿
黄正聪,,,,46 亿
李春安,,,-4.0,46 亿
吕建明,-1.0,,,46 亿
王柏兴、王伟峰父子,-29.0,-14.0,0.0,46 亿
王言卿、陈亮母子,,,,46 亿
王毅然,,,,46 亿
闻掌华,-7.0,-14.0,-4.0,46 亿
吴洁,-44.0,-2.0,1.0,46 亿
张剑群,-4.0,-9.0,-9.0,46 亿
朱宝良、洪一丹夫妇,,,,46 亿
朱宝松家族,1.0,,,46 亿
邹节明家族,,-10.0,-5.0,45 亿
李占通,-3.0,-5.0,0.0,45 亿
张之君家族,,,0.0,45 亿
曹国伟,,,-15.0,45 亿
陈明金,,,,45 亿
陈文沛、张丽萍夫妇,0.0,0.0,0.0,45 亿
陈雪玲,,,,45 亿
戴文军,,,,45 亿
冯长革,-20.0,-30.0,-5.0,45 亿
傅胜龙、速卫玲夫妇,,,,45 亿
郭念昆,-12.0,0.0,-3.0,45 亿
黄焕明,-7.0,-7.0,0.0,45 亿
吉兴业,,-6.0,-11.0,45 亿
纪静,,,,45 亿
贾跃亭,-405.0,-375.0,,45 亿
冷天晴,,,-2.0,45 亿
李德福,-45.0,,-5.0,45 亿
李卫伟,-43.0,-43.0,-55.0,45 亿
梁希森,0.0,0.0,0.0,45 亿
刘德,,,,45 亿
马万良家族,1.0,,-5.0,45 亿
倪永培,,,-10.0,45 亿
欧蓬,,,,45 亿
邵晓峰,5.0,-20.0,,45 亿
沈锡强家族,,-13.0,-5.0,45 亿
孙永辉,,,,45 亿
唐修国,-19.0,-5.0,0.0,45 亿
田在玮家族,,,0.0,45 亿
童文其,,,,45 亿
涂建骅,,,,45 亿
万永兴,-75.0,-33.0,-22.0,45 亿
王刚刚,,,,45 亿
王建军、赵颖夫妇,,,,45 亿
王敏文,,,,45 亿
王张兴,,,,45 亿
吴晓宁家族,,,,45 亿
夏朝嘉,0.0,0.0,0.0,45 亿
谢旭辉,,,,45 亿
徐广福、徐翔父子,,,0.0,45 亿
徐桂芬家族,,-10.0,-30.0,45 亿
薛方全,,,,45 亿
于冬,,,-30.0,45 亿
张爱娟家族,-20.0,-2.0,-10.0,45 亿
张建明,2.0,2.0,0.0,45 亿
张荣明,,,,45 亿
张长虹,-135.0,-55.0,-10.0,45 亿
赵满堂、赵庆父子,,,,45 亿
郑胜涛家族,5.0,0.0,,45 亿
周和平,-22.0,-9.0,-7.0,45 亿
周逵,,,,45 亿
周炜家族,,,,45 亿
周新基,,,,45 亿
朱逢学,,,,45 亿
范秀莲、杨飞母女,,,,45 亿
游谊竹,,,,45 亿
丁欣欣、张杏娟夫妇,-106.0,-46.0,-21.0,44 亿
何克能、张秀元夫妇,,,,44 亿
蒋茂远,4.0,,,44 亿
卢础其,,,,44 亿
许智明,,,,44 亿
关彦斌、张晓兰夫妇,,,,44 亿
汪力成,,,-12.0,43 亿
丁列明家族,,,-7.0,43 亿
曾开天,-38.0,-37.0,-47.0,43 亿
陈国鹰家族,-42.0,-24.0,-7.0,43 亿
郭力,,,,43 亿
黄炳均、盛承慧夫妇,-5.0,-2.0,,43 亿
黄河清、吴月华夫妇,,-9.0,-24.0,43 亿
李国庆,,,,43 亿
李连柱,,,,43 亿
鲁小均家族,,,-7.0,43 亿
汪静波,,,,43 亿
席有良,,,,43 亿
俞建秋,,,,43 亿
郑钟南,,-7.0,,43 亿
刘兆年,,,-11.0,42 亿
陈尧根,,-1.0,-8.0,42 亿
陈承守,2.0,,,42 亿
高天乐,-1.0,,,42 亿
顾林祥、沈宝珠夫妇,,,,42 亿
胡葆森家族,,,,42 亿
霍焱,,,,42 亿
刘安省,,,,42 亿
马飞,,,,42 亿
沈亚,-68.0,-47.0,-25.0,42 亿
唐健、刘翠英夫妇,-48.0,-31.0,-23.0,42 亿
王立飞,,,,42 亿
王敏良,,,,42 亿
徐金富,,-38.0,-23.0,42 亿
杨全玉,-12.0,0.0,,42 亿
虞阿五、虞兔良父子,-48.0,-21.0,-10.0,42 亿
张瑜平,-1.0,1.0,,42 亿
赵美光,,-3.0,-8.0,42 亿
李一奎家族,,,,42 亿
单银木,,,-19.0,41 亿
梁凯,,,,41 亿
刘肇怀,-23.0,-16.0,-10.0,41 亿
刘正军家族,-19.0,-20.0,-6.0,41 亿
乔鲁予,-45.0,-10.0,-6.0,41 亿
